{"cameraMode":{"drawMode":0,"name":"Shaded","section":"Shading Mode"},"sceneLighting":false,"audioPlay":false,"sceneViewState":{"showFog":false,"showMaterialUpdate":false,"showSkybox":false,"showFlares":false,"showImageEffects":false,"showParticleSystems":false},"in2DMode":false,"pivot":{"x":-0.004495143890380859,"y":-0.6250001192092896,"z":98.0},"rotation":{"x":-0.25229617953300478,"y":0.36602821946144106,"z":-0.10378716140985489,"w":-0.8897316455841065},"size":17.42198371887207,"orthographic":false}