{"cameraMode":{"drawMode":0,"name":"Shaded","section":"Shading Mode"},"sceneLighting":false,"audioPlay":false,"sceneViewState":{"showFog":false,"showMaterialUpdate":false,"showSkybox":false,"showFlares":false,"showImageEffects":false,"showParticleSystems":false},"in2DMode":false,"pivot":{"x":0.27214550971984866,"y":-21.651931762695314,"z":20.458782196044923},"rotation":{"x":-0.5530869364738464,"y":-0.03972095996141434,"z":0.026398304849863054,"w":-0.831778347492218},"size":33.929039001464847,"orthographic":false}