{"cameraMode":{"drawMode":0,"name":"Shaded","section":"Shading Mode"},"sceneLighting":false,"audioPlay":false,"sceneViewState":{"showFog":false,"showMaterialUpdate":false,"showSkybox":false,"showFlares":false,"showImageEffects":false,"showParticleSystems":false},"in2DMode":false,"pivot":{"x":15.886143684387207,"y":-78.24594116210938,"z":66.94976043701172},"rotation":{"x":-0.44155117869377139,"y":-0.08030646294355393,"z":0.03972366824746132,"w":-0.8927651643753052},"size":59.544761657714847,"orthographic":false}