{"cameraMode":{"drawMode":0,"name":"Shaded","section":"Shading Mode"},"sceneLighting":false,"audioPlay":false,"sceneViewState":{"showFog":false,"showMaterialUpdate":false,"showSkybox":false,"showFlares":false,"showImageEffects":false,"showParticleSystems":false},"in2DMode":false,"pivot":{"x":-57.40174102783203,"y":-261.3442077636719,"z":35.19478988647461},"rotation":{"x":-0.4570732116699219,"y":0.5319822430610657,"z":-0.42477065324783327,"w":-0.5724311470985413},"size":156.9280548095703,"orthographic":false}