{"cameraMode":{"drawMode":0,"name":"Shaded","section":"Shading Mode"},"sceneLighting":false,"audioPlay":false,"sceneViewState":{"showFog":false,"showMaterialUpdate":false,"showSkybox":false,"showFlares":false,"showImageEffects":false,"showParticleSystems":false},"in2DMode":false,"pivot":{"x":20.3839111328125,"y":-33.28480529785156,"z":137.02395629882813},"rotation":{"x":-0.34148019552230837,"y":-0.07996053993701935,"z":0.029159532859921457,"w":-0.9360421895980835},"size":36.3183479309082,"orthographic":false}