{"cameraMode":{"drawMode":0,"name":"Shaded","section":"Shading Mode"},"sceneLighting":true,"audioPlay":false,"sceneViewState":{"showFog":false,"showMaterialUpdate":false,"showSkybox":false,"showFlares":false,"showImageEffects":false,"showParticleSystems":false},"in2DMode":false,"pivot":{"x":-12.070045471191407,"y":-197.43235778808595,"z":85.02806091308594},"rotation":{"x":-0.556550920009613,"y":0.0725584402680397,"z":-0.048876941204071048,"w":-0.8261958360671997},"size":113.56829833984375,"orthographic":false}