{"cameraMode":{"drawMode":0,"name":"Shaded","section":"Shading Mode"},"sceneLighting":true,"audioPlay":false,"sceneViewState":{"showFog":false,"showMaterialUpdate":false,"showSkybox":false,"showFlares":false,"showImageEffects":false,"showParticleSystems":false},"in2DMode":false,"pivot":{"x":-15.456221580505371,"y":-28.53223991394043,"z":39.15018081665039},"rotation":{"x":-0.36794963479042055,"y":0.6041756272315979,"z":-0.3686060309410095,"w":-0.6031064987182617},"size":78.85972595214844,"orthographic":false}