{"cameraMode":{"drawMode":0,"name":"Shaded","section":"Shading Mode"},"sceneLighting":true,"audioPlay":false,"sceneViewState":{"showFog":false,"showMaterialUpdate":false,"showSkybox":false,"showFlares":false,"showImageEffects":false,"showParticleSystems":false},"in2DMode":false,"pivot":{"x":0.003218233585357666,"y":0.0,"z":216.99789428710938},"rotation":{"x":0.4681198000907898,"y":-0.5316789150238037,"z":0.49126243591308596,"w":0.5068455338478088},"size":82.60453796386719,"orthographic":false}