{"cameraMode":{"drawMode":0,"name":"Shaded","section":"Shading Mode"},"sceneLighting":false,"audioPlay":false,"sceneViewState":{"showFog":false,"showMaterialUpdate":false,"showSkybox":false,"showFlares":false,"showImageEffects":false,"showParticleSystems":false},"in2DMode":false,"pivot":{"x":-8.268444061279297,"y":-33.487831115722659,"z":105.56726837158203},"rotation":{"x":-0.5459865927696228,"y":0.1272686868906021,"z":-0.08436610549688339,"w":-0.8237815499305725},"size":52.22007751464844,"orthographic":false}