{"cameraMode":{"drawMode":0,"name":"Shaded","section":"Shading Mode"},"sceneLighting":false,"audioPlay":false,"sceneViewState":{"showFog":false,"showMaterialUpdate":false,"showSkybox":false,"showFlares":false,"showImageEffects":false,"showParticleSystems":false},"in2DMode":false,"pivot":{"x":7.6220855712890629,"y":-155.0241241455078,"z":349.83447265625},"rotation":{"x":0.40114501118659975,"y":0.0142970634624362,"z":-0.006267825607210398,"w":0.9159111976623535},"size":129.903076171875,"orthographic":false}