{"cameraMode":{"drawMode":0,"name":"Shaded","section":"Shading Mode"},"sceneLighting":false,"audioPlay":false,"sceneViewState":{"showFog":false,"showMaterialUpdate":false,"showSkybox":false,"showFlares":false,"showImageEffects":false,"showParticleSystems":false},"in2DMode":false,"pivot":{"x":23.734895706176759,"y":-61.30110168457031,"z":72.34230041503906},"rotation":{"x":-0.39692753553390505,"y":-0.5797972679138184,"z":0.38427281379699709,"w":-0.5988694429397583},"size":70.08316040039063,"orthographic":false}