{"cameraMode":{"drawMode":0,"name":"Shaded","section":"Shading Mode"},"sceneLighting":false,"audioPlay":false,"sceneViewState":{"showFog":false,"showMaterialUpdate":false,"showSkybox":false,"showFlares":false,"showImageEffects":false,"showParticleSystems":false},"in2DMode":false,"pivot":{"x":7.268091201782227,"y":-46.28086471557617,"z":37.98359680175781},"rotation":{"x":-0.4729214012622833,"y":-0.12711386382579804,"z":0.0691457986831665,"w":-0.8691613078117371},"size":61.23298263549805,"orthographic":false}