{"cameraMode":{"drawMode":0,"name":"Shaded","section":"Shading Mode"},"sceneLighting":false,"audioPlay":false,"sceneViewState":{"showFog":false,"showMaterialUpdate":false,"showSkybox":false,"showFlares":false,"showImageEffects":false,"showParticleSystems":false},"in2DMode":false,"pivot":{"x":-18.522911071777345,"y":-78.50521087646485,"z":93.47310638427735},"rotation":{"x":-0.4666258990764618,"y":0.5205786824226379,"z":-0.4195212125778198,"w":-0.5790380835533142},"size":55.948448181152347,"orthographic":false}