{"cameraMode":{"drawMode":0,"name":"Shaded","section":"Shading Mode"},"sceneLighting":false,"audioPlay":false,"sceneViewState":{"showFog":false,"showMaterialUpdate":false,"showSkybox":false,"showFlares":false,"showImageEffects":false,"showParticleSystems":false},"in2DMode":false,"pivot":{"x":-10.340272903442383,"y":-223.96632385253907,"z":418.38055419921877},"rotation":{"x":0.42972299456596377,"y":-0.021109601482748987,"z":0.010054072365164757,"w":0.9026755094528198},"size":207.0654296875,"orthographic":false}