{"cameraMode":{"drawMode":0,"name":"Shaded","section":"Shading Mode"},"sceneLighting":false,"audioPlay":false,"sceneViewState":{"showFog":false,"showMaterialUpdate":false,"showSkybox":false,"showFlares":false,"showImageEffects":false,"showParticleSystems":false},"in2DMode":false,"pivot":{"x":-10.552962303161621,"y":-386.7792663574219,"z":362.30865478515627},"rotation":{"x":0.544681966304779,"y":-0.025888433679938318,"z":0.016831809654831888,"w":0.8380947709083557},"size":298.0146484375,"orthographic":false}