{"cameraMode":{"drawMode":0,"name":"Shaded","section":"Shading Mode"},"sceneLighting":false,"audioPlay":false,"sceneViewState":{"showFog":false,"showMaterialUpdate":false,"showSkybox":false,"showFlares":false,"showImageEffects":false,"showParticleSystems":false},"in2DMode":false,"pivot":{"x":3.3555908203125,"y":-46.21140670776367,"z":28.601253509521486},"rotation":{"x":-0.6494199633598328,"y":0.0013551706215366722,"z":-0.001167316921055317,"w":-0.7604485154151917},"size":47.70661544799805,"orthographic":false}