{"cameraMode":{"drawMode":0,"name":"Shaded","section":"Shading Mode"},"sceneLighting":true,"audioPlay":false,"sceneViewState":{"showFog":false,"showMaterialUpdate":false,"showSkybox":false,"showFlares":false,"showImageEffects":false,"showParticleSystems":false},"in2DMode":false,"pivot":{"x":-605.2709350585938,"y":-171.9201202392578,"z":-50.99406814575195},"rotation":{"x":-0.09903783351182938,"y":0.7470546364784241,"z":-0.11428528279066086,"w":-0.6473445296287537},"size":341.02606201171877,"orthographic":false}