{"cameraMode":{"drawMode":0,"name":"Shaded","section":"Shading Mode"},"sceneLighting":true,"audioPlay":false,"sceneViewState":{"showFog":false,"showMaterialUpdate":false,"showSkybox":false,"showFlares":false,"showImageEffects":false,"showParticleSystems":false},"in2DMode":false,"pivot":{"x":-283.56689453125,"y":-163.54116821289063,"z":474.7864685058594},"rotation":{"x":-0.13996094465255738,"y":0.26560717821121218,"z":-0.03900498151779175,"w":-0.9530845284461975},"size":295.7472229003906,"orthographic":false}