{"cameraMode":{"drawMode":0,"name":"Shaded","section":"Shading Mode"},"sceneLighting":true,"audioPlay":false,"sceneViewState":{"showFog":false,"showMaterialUpdate":false,"showSkybox":false,"showFlares":false,"showImageEffects":false,"showParticleSystems":false},"in2DMode":false,"pivot":{"x":-137.92904663085938,"y":-713.1318969726563,"z":991.6080932617188},"rotation":{"x":-0.3050670325756073,"y":0.06733860075473786,"z":-0.021632906049489976,"w":-0.9497165083885193},"size":738.3601684570313,"orthographic":false}