{"cameraMode":{"drawMode":0,"name":"Shaded","section":"Shading Mode"},"sceneLighting":true,"audioPlay":false,"sceneViewState":{"showFog":false,"showMaterialUpdate":false,"showSkybox":false,"showFlares":false,"showImageEffects":false,"showParticleSystems":false},"in2DMode":false,"pivot":{"x":8.768911361694336,"y":-118.22300720214844,"z":251.1802520751953},"rotation":{"x":-0.025429753586649896,"y":-0.7295609712600708,"z":-0.027128275483846666,"w":0.6829371452331543},"size":160.47279357910157,"orthographic":false}