{"cameraMode":{"drawMode":0,"name":"Shaded","section":"Shading Mode"},"sceneLighting":false,"audioPlay":false,"sceneViewState":{"showFog":false,"showMaterialUpdate":false,"showSkybox":false,"showFlares":false,"showImageEffects":false,"showParticleSystems":false},"in2DMode":false,"pivot":{"x":20.678712844848634,"y":-54.39307403564453,"z":35.67302322387695},"rotation":{"x":-0.6436895728111267,"y":-0.004378126468509436,"z":0.003665681229904294,"w":-0.7652872204780579},"size":84.89774322509766,"orthographic":false}