{"cameraMode":{"drawMode":0,"name":"Shaded","section":"Shading Mode"},"sceneLighting":false,"audioPlay":false,"sceneViewState":{"showFog":false,"showMaterialUpdate":false,"showSkybox":false,"showFlares":false,"showImageEffects":false,"showParticleSystems":false},"in2DMode":false,"pivot":{"x":-50.41409683227539,"y":-58.367244720458987,"z":216.14158630371095},"rotation":{"x":0.3648158609867096,"y":-0.6074500679969788,"z":0.36811137199401858,"w":0.6020311713218689},"size":110.28711700439453,"orthographic":false}