{"cameraMode":{"drawMode":0,"name":"Shaded","section":"Shading Mode"},"sceneLighting":false,"audioPlay":false,"sceneViewState":{"showFog":false,"showMaterialUpdate":false,"showSkybox":false,"showFlares":false,"showImageEffects":false,"showParticleSystems":false},"in2DMode":false,"pivot":{"x":-67.2085952758789,"y":-147.2678985595703,"z":239.72494506835938},"rotation":{"x":0.33750832080841067,"y":-0.6507284641265869,"z":0.3983498513698578,"w":0.551352858543396},"size":96.2986068725586,"orthographic":false}