{"cameraMode":{"drawMode":0,"name":"Shaded","section":"Shading Mode"},"sceneLighting":false,"audioPlay":false,"sceneViewState":{"showFog":false,"showMaterialUpdate":false,"showSkybox":false,"showFlares":false,"showImageEffects":false,"showParticleSystems":false},"in2DMode":false,"pivot":{"x":-9.977853775024414,"y":-420.2391662597656,"z":321.1667785644531},"rotation":{"x":-0.5966068506240845,"y":0.009866148233413697,"z":-0.007328408304601908,"w":-0.8024633526802063},"size":268.2474365234375,"orthographic":false}