{"cameraMode":{"drawMode":0,"name":"Shaded","section":"Shading Mode"},"sceneLighting":false,"audioPlay":false,"sceneViewState":{"showFog":false,"showMaterialUpdate":false,"showSkybox":false,"showFlares":false,"showImageEffects":false,"showParticleSystems":false},"in2DMode":false,"pivot":{"x":-25.385940551757814,"y":-178.86358642578126,"z":314.43377685546877},"rotation":{"x":-0.5302451848983765,"y":0.19343720376491548,"z":-0.12571226060390473,"w":-0.8158808350563049},"size":213.1682586669922,"orthographic":false}