{"cameraMode":{"drawMode":0,"name":"Shaded","section":"Shading Mode"},"sceneLighting":false,"audioPlay":false,"sceneViewState":{"showFog":false,"showMaterialUpdate":false,"showSkybox":false,"showFlares":false,"showImageEffects":false,"showParticleSystems":false},"in2DMode":false,"pivot":{"x":-68.64344024658203,"y":-30.182579040527345,"z":38.30615234375},"rotation":{"x":-0.25229617953300478,"y":0.36602821946144106,"z":-0.10378716140985489,"w":-0.8897316455841065},"size":69.49961853027344,"orthographic":false}