{"cameraMode":{"drawMode":0,"name":"Shaded","section":"Shading Mode"},"sceneLighting":true,"audioPlay":false,"sceneViewState":{"showFog":false,"showMaterialUpdate":false,"showSkybox":false,"showFlares":false,"showImageEffects":false,"showParticleSystems":false},"in2DMode":false,"pivot":{"x":100.06568908691406,"y":-102.47949981689453,"z":81.93992614746094},"rotation":{"x":-0.30160248279571535,"y":-0.6247884631156921,"z":0.2848861515522003,"w":-0.6614508628845215},"size":113.56829833984375,"orthographic":false}