{"cameraMode":{"drawMode":0,"name":"Shaded","section":"Shading Mode"},"sceneLighting":true,"audioPlay":false,"sceneViewState":{"showFog":false,"showMaterialUpdate":false,"showSkybox":false,"showFlares":false,"showImageEffects":false,"showParticleSystems":false},"in2DMode":false,"pivot":{"x":1.7963201999664307,"y":-3.250089645385742,"z":-8.977527618408204},"rotation":{"x":0.3310343623161316,"y":0.04585351422429085,"z":-0.016102971509099008,"w":0.9423840641975403},"size":28.893596649169923,"orthographic":false}