{"cameraMode":{"drawMode":0,"name":"Shaded","section":"Shading Mode"},"sceneLighting":false,"audioPlay":false,"sceneViewState":{"showFog":false,"showMaterialUpdate":false,"showSkybox":false,"showFlares":false,"showImageEffects":false,"showParticleSystems":false},"in2DMode":false,"pivot":{"x":15.752947807312012,"y":-58.73239517211914,"z":73.6057357788086},"rotation":{"x":-0.5362309813499451,"y":-0.4233764708042145,"z":0.3560938537120819,"w":-0.6375210285186768},"size":51.814517974853519,"orthographic":false}