{"cameraMode":{"drawMode":0,"name":"Shaded","section":"Shading Mode"},"sceneLighting":true,"audioPlay":false,"sceneViewState":{"showFog":false,"showMaterialUpdate":false,"showSkybox":false,"showFlares":false,"showImageEffects":false,"showParticleSystems":false},"in2DMode":false,"pivot":{"x":415.5877990722656,"y":78.92218017578125,"z":-247.34902954101563},"rotation":{"x":-0.4707754850387573,"y":-0.043393250554800037,"z":0.023175781592726709,"w":-0.8808960318565369},"size":236.31884765625,"orthographic":false}